Model,Chapter,Question,Answer,Question Score,Answer Score,,,,Question Score,Answer Score
No Evaluation & Refinement,Chapter 1.1,What are the four main categories of Internet communication links?,"""The four main categories of Internet communication links are wired links, wireless links, satellite links, and optical links.""",3,2,,,,mean,mean
No Evaluation & Refinement,Chapter 1.1,What are the primary characteristics of wired links that make them suitable for high-speed data transfer?,"""High-speed data transfer rates, low latency, and high reliability.""",3,1,,,Model,,
No Evaluation & Refinement,Chapter 1.1,What is the primary function of a packet switch in the Internet's infrastructure?,"""A packet switch forwards packets from incoming communication links to outgoing communication links.""",4,1,,,Full Model,4.133333333,3.788888889
No Evaluation & Refinement,Chapter 1.1,What is the analogy between human protocols and network protocols in the context of the Internet?,"""A network protocol is similar to a human protocol, with the entities exchanging messages being hardware or software components of devices.""",4,3,,,No Agent,2.588888889,2.5
No Evaluation & Refinement,Chapter 1.1,What is the primary function of the socket interface in the context of the Internet?,"""The primary function of the socket interface is to specify how a program asks the Internet infrastructure to deliver data to a destination program on another end system.""",4,4,,,No Evaluation & Refinement,3.077777778,2.788888889
No Evaluation & Refinement,Chapter 1.1,"What are the primary components of a computer network, and what role do they play in facilitating communication between devices?","""The primary components of a computer network include devices such as computers, smartphones, and other network-enabled devices, which facilitate communication between devices.""",3,3,,,,,
No Evaluation & Refinement,Chapter 1.1,Identify the primary devices that are considered components at the edge of a computer network.,"""Computers, smartphones, and other devices.""",3,1,,,,,
No Evaluation & Refinement,Chapter 1.1,What is the primary function of an access network in relation to an end system and a router?,"""The primary function of an access network is to physically connect an end system to the first router on a path from the end system to any other distant end system.""",4,4,,,,,
No Evaluation & Refinement,Chapter 1.1,Describe the role of an access network in physically connecting an end system to the first router on a network path.,"""The access network physically connects an end system to the first router on a network path, serving as the initial link between the end system and the broader network.""",4,4,,,,,
No Evaluation & Refinement,Chapter 1.1,What is the role of physical media in the transmission of a bit from one end system to another in a computer network?,"""A physical medium is a physical substance that carries the bit from one end system to another in a computer network.""",4,3,,,,,
No Evaluation & Refinement,Chapter 1.1,How did the World Wide Web change the way people interact inside and outside their work environments?,"""The World Wide Web dramatically changed how people interact inside and outside their work environments.""",3,2,,,,,
No Evaluation & Refinement,Chapter 1.1,What are the primary features that distinguish the Web from traditional broadcast media?,"""The primary features that distinguish the Web from traditional broadcast media are that it operates on demand, allows users to receive content when they want it,",3,3,,,,,
No Evaluation & Refinement,Chapter 1.1,What was the primary difference in how users interacted with information before and after the introduction of the World Wide Web?,"""Users could access information on demand, rather than having to tune in at a specific time.""",4,1,,,,,
No Evaluation & Refinement,Chapter 1.1,What is the primary role of HTTP as an application-layer protocol in the context of the Web?,"""HTTP is the application-layer protocol that enables communication between client and server programs on different end systems, exchanging messages to facilitate data transfer.""",4,3,,,,,
No Evaluation & Refinement,Chapter 1.1,Given the structure of the HTTP request message,"""The structure of the HTTP request message includes the request line, headers, and an empty line to indicate the end of the headers.""",3,4,,,,,
No Evaluation & Refinement,Chapter 1.1,How many groups of users primarily used the Internet until the early 1990s?,"""There were three groups of users primarily using the Internet until the early 1990s: researchers, academics, and university students.""",3,3,,,,,
No Evaluation & Refinement,Chapter 1.1,A client sends a request to a server using the HTTP protocol. Describe the general format of the request message.,"""The general format of the HTTP request message is:METHOD Request-URI HTTP/VersionHost:Accept:User-Agent:Accept-Language:Accept-Encoding:""",4,2,,,,,
No Evaluation & Refinement,Chapter 1.1,What are the five lines that make up an HTTP request message?,"""The five lines that make up an HTTP request message are the request line, and four header lines.""",3,3,,,,,
No Evaluation & Refinement,Chapter 1.1,What is the primary purpose of cookies in the context of Web interactions?,"""Cookies allow sites to keep track of users.""",4,1,,,,,
No Evaluation & Refinement,Chapter 1.1,What is the total count of lines in the HTTP request message shown?,"""There are 5 lines in the HTTP request message shown.""",3,3,,,,,
No Evaluation & Refinement,Chapter 1.1,What is the primary function of the transport layer in terms of communication between application processes?,"""The primary function of the transport layer is to provide logical communication between application processes running on different hosts.""",3,3,,,,,
No Evaluation & Refinement,Chapter 1.1,"A receiving host has two sockets, one for a web server and one for an email client. Describe how the transport layer would demultiplex incoming segments to ensure the correct application process receives the data.","""The transport layer demultiplexes incoming segments by using the unique identifier of each socket, which is stored in a set of fields in the segment.""",3,4,,,,,
No Evaluation & Refinement,Chapter 1.1,"Consider a scenario where you have four network application processes running on your computer: two Telnet sessions, one FTP session, and one HTTP session. Explain how the transport layer multiplexes and demultiplexes data for these different application processes.","""The transport layer multiplexes data by assigning a unique port number to each application process, allowing multiple processes to share the same connection. It demultiplexes data by checking the destination port number in the segment header, directing the data to the correct application process.""",2,4,,,,,
No Evaluation & Refinement,Chapter 1.1,Explain the concept of logical communication in the context of the transport layer.,"""The transport layer provides logical communication between application processes running on different hosts, allowing them to send messages as if they were directly connected.""",4,2,,,,,
No Evaluation & Refinement,Chapter 1.1,"Suppose you are the network administrator for a household with two houses, one on the East Coast and the other on the West Coast, and you need to ensure that data packets are delivered between the kids in these two households. Describe how you would use the network layer to set up the necessary logical communication between these two households.","""To set up logical communication between the two households, I would use the network layer to create a logical connection between the two houses, essentially creating a virtual network link between them. This would involve assigning IP addresses to each house, which would serve as their unique identifiers on the network. The network layer would then use routing protocols to determine the best path for data packets to travel between the two houses, ensuring that they are delivered efficiently and reliably.""",4,4,,,,,
No Evaluation & Refinement,Chapter 1.1,What is the primary function of transport-layer multiplexing and demultiplexing in computer networks?,"""The primary function of transport-layer multiplexing and demultiplexing is to extend the host-to-host delivery service provided by the network layer to a process-to-process delivery service for applications running on the hosts.""",3,4,,,,,
No Evaluation & Refinement,Chapter 1.1,"Describe a scenario where a process has two sockets, and explain how the transport layer would multiplex and demultiplex data between these sockets.","""A scenario where a process has two sockets is when a web server is handling multiple client requests simultaneously. The transport layer would multiplex data between these sockets by receiving data from the network layer and directing it to the correct socket based on the destination IP address and port number. Demultiplexing occurs when the transport layer receives data from the socket and directs it to the correct application process running in the host.""",2,4,,,,,
No Evaluation & Refinement,Chapter 1.1,What is the primary function of the transport layer in directing data from the network layer to the appropriate application process running in the host?,"""The primary function of the transport layer is to direct data from the network layer to the appropriate application process running in the host.""",4,4,,,,,
No Evaluation & Refinement,Chapter 1.1,A network host receives a transport-layer segment with the source socket number 1234 and the destination socket number 5678. Explain how the transport layer would demultiplex this segment to the correct socket.,"""The transport layer demultiplexes the segment by examining the destination socket number 5678 and directs the segment to the corresponding socket.""",3,4,,,,,
No Evaluation & Refinement,Chapter 1.1,"Explain why TCP uses a four-tuple (source IP address, source port number, destination IP address, destination port number) for demultiplexing, while UDP uses only a two-tuple (destination IP address, destination port number).","""TCP uses a four-tuple for demultiplexing because it needs to identify the source of the segment, while UDP uses only a two-tuple because it does not require source identification.""",1,2,,,,,
No Evaluation & Refinement,Chapter 1.1,Describe the primary function of the network layer in facilitating communication between two hosts connected through multiple routers.,"""The primary function of the network layer is to facilitate communication between two hosts connected through multiple routers by routing data packets through the most efficient path.""",3,4,,,,,
No Evaluation & Refinement,Chapter 1.1,"Consider a network with two routers, A and B. Router A receives a datagram from a host and needs to forward it to Router B. Describe how the network control plane coordinates this forwarding action to ensure the datagram reaches its destination.","""The network control plane coordinates the forwarding action by determining the path the datagram should take from Router A to Router B, ensuring it reaches its destination.""",3,3,,,,,
No Evaluation & Refinement,Chapter 1.1,What is the primary difference between the forwarding process and the routing process in a network?,"""The primary difference between the forwarding process and the routing process in a network is that forwarding is a local action on a router, while routing is a network-wide process that determines end-to-end paths.""",4,3,,,,,
No Evaluation & Refinement,Chapter 1.1,What are the characteristics of end-to-end delivery of packets as defined by the network service model?,"""The end-to-end delivery of packets as defined by the network service model includes guaranteed delivery, guaranteed delivery with bounded delay, in-order packet delivery, guaranteed minimal bandwidth, and security.""",4,3,,,,,
No Evaluation & Refinement,Chapter 1.1,What is the primary difference between the traditional approach and the SDN approach to implementing routing functionality?,"""The primary difference is that the traditional approach combines control-plane and forwarding-plane functions in a single device, whereas the SDN approach separates these functions into distinct components.""",3,3,,,,,
No Evaluation & Refinement,Chapter 1.1,"Describe the role of the switching fabric in a router's architecture, connecting input ports to output ports.","""The switching fabric connects the router's input ports to its output ports.""",3,3,,,,,
No Evaluation & Refinement,Chapter 1.1,Describe the role of the routing processor in maintaining the forwarding table in a router.,"""The routing processor maintains the forwarding table by either computing and updating it using a routing protocol or receiving it from a remote SDN controller.""",4,2,,,,,
No Evaluation & Refinement,Chapter 1.1,What would happen to packet queuing at the output ports if the switching fabric were 3 times faster than the port line speeds?,"""Packet queuing would still occur at the output ports.""",3,2,,,,,
No Evaluation & Refinement,Chapter 1.1,What is the primary function of the input ports in a router?,"""The primary function of the input ports in a router is to perform several key functions.""",3,3,,,,,
No Evaluation & Refinement,Chapter 1.1,Describe the role of the switching fabric in the process of packet forwarding from an input port to an output port in a router.,"""The switching fabric is responsible for forwarding packets from an input port to an output port in a router, acting as the core component where packets are actually switched.""",4,3,,,,,
No Evaluation & Refinement,Chapter 1.1,"Explain how the network control plane interacts with the data and control planes in a router, specifically highlighting the role of forwarding and flow tables.","""The network control plane interacts with the data and control planes in a router by using forwarding and flow tables to specify local data-plane forwarding behavior.""",4,3,,,,,
No Evaluation & Refinement,Chapter 1.1,Explain the difference in how forwarding tables are computed and maintained under Per-Router Control versus Logically Centralized Control.,"""Per-Router Control involves each router running its own routing algorithm and maintaining its own forwarding table, while Logically Centralized Control involves a centralized controller computing and distributing forwarding tables to all routers.""",2,1,,,,,
No Evaluation & Refinement,Chapter 1.1,What does it mean for a path to be considered a ¡°good¡± path in the context of routing algorithms?,"""A good path in the context of routing algorithms is one that has the least cost.""",3,3,,,,,
No Evaluation & Refinement,Chapter 1.1,What is the primary role of the forwarding table and flow table in linking the network layer's data and control planes?,"""The primary role of the forwarding table and flow table is to specify the local data-plane forwarding behavior of a router, linking the network layer's data and control planes.""",4,4,,,,,
No Evaluation & Refinement,Chapter 1.1,What is the fundamental difference between per-router control and logically centralized control in routing algorithms?,"""The fundamental difference between per-router control and logically centralized control is that per-router control has a routing algorithm running in each router, whereas logically centralized control has a centralized controller computing and distributing forwarding tables to routers.""",2,2,,,,,
No Evaluation & Refinement,Chapter 1.1,What key characteristics distinguish the Distance-Vector (DV) Routing Algorithm from the LS algorithm?,"""It is distributed, iterative, and asynchronous.""",2,1,,,,,
No Evaluation & Refinement,Chapter 1.1,What is the primary purpose of a node's distance vector in the DV Algorithm?,"""The primary purpose of a node's distance vector in the DV Algorithm is to contain the node's estimate of its cost to all destinations in the network.""",3,4,,,,,
No Evaluation & Refinement,Chapter 1.1,What is the purpose and formula of the Bellman-Ford equation in graph algorithms?,"""The purpose of the Bellman-Ford equation is to find the shortest path from a source node to all other nodes in a weighted graph. The formula is dx(y) = minv [c(x, v) + dv(y)], where dx(y) is the cost of the least-cost path from node x to node y, c(x, v) is the cost of the edge from node x to node v, and dv(y) is the cost of the least-cost path from node v to node y.""",4,4,,,,,
No Evaluation & Refinement,Chapter 1.1,A network using the DV algorithm starts to converge slowly and experiences a routing loop. What is the most appropriate action for the network administrator to take?,"""The most appropriate action for the network administrator to take is to identify and correct the malfunctioning router to prevent the spread of erroneous routing information.""",4,4,,,,,
No Evaluation & Refinement,Chapter 1.1,"What changes occur in a router's routing table when the link cost between two nodes increases from 4 to 60, and how does this affect the routing loop in the network?","""The link cost between two nodes increasing from 4 to 60 causes the router to update its routing table, potentially changing the shortest path to the affected node. This may lead to a temporary routing loop in the network as the routers recalculate their routes.""",3,4,,,,,
No Evaluation & Refinement,Chapter 1.1,What are the two primary services provided by the link layer concerning bit-level error detection and correction?,"""Bit-level error detection and correction""",3,1,,,,,
No Evaluation & Refinement,Chapter 1.1,Explain the core concept behind the given cipher.,"""The core concept behind the given cipher is the transfer of datagrams over individual links in the end-to-end path.""",3,4,,,,,
No Evaluation & Refinement,Chapter 1.1,"What is the primary function of framing in a link-layer protocol, and how does it contribute to the overall transmission process?","""The primary function of framing in a link-layer protocol is to encapsulate each network-layer datagram within a link-layer frame before transmission over the link.""",4,3,,,,,
No Evaluation & Refinement,Chapter 1.1,Describe the role of the link-layer controller in implementing the link layer services.,"""The link-layer controller is the central component in a network adapter, responsible for implementing link layer services such as framing, link access, and error detection.""",3,3,,,,,
No Evaluation & Refinement,Chapter 1.1,Explain the role of the link layer in detecting and correcting bit-level errors in frames sent between physically connected nodes.,"""The link layer is responsible for detecting and correcting bit-level errors in frames sent between physically connected nodes.""",3,2,,,,,
No Evaluation & Refinement,Chapter 1.1,Describe the key differences between point-to-point links and broadcast links in terms of sender and receiver configurations.,"""A point-to-point link has a single sender and a single receiver, while a broadcast link has a sender and multiple receivers.""",3,1,,,,,
No Evaluation & Refinement,Chapter 1.1,"What is the outcome when more than two nodes in a broadcast channel transmit frames simultaneously, causing the transmitted frames to collide at all receivers?","""When more than two nodes in a broadcast channel transmit frames simultaneously, causing the transmitted frames to collide at all receivers, the outcome is that none of the receiving nodes can make any sense of any of the frames that were transmitted.""",3,4,,,,,
No Evaluation & Refinement,Chapter 1.1,Describe the key desirable characteristics of a good multiple access protocol for a broadcast channel in terms of throughput.,"""When only one node has data to send, that node has a throughput of R bps. When M nodes have data to send, each of these nodes has a throughput of R/M bps.""",3,2,,,,,
No Evaluation & Refinement,Chapter 1.1,What are the three categories of multiple access protocols?,"""Channel partitioning protocols, random access protocols, and taking-turns protocols.""",3,1,,,,,
No Evaluation & Refinement,Chapter 1.1,Describe the three main categories of multiple access protocols.,"""Channel partitioning protocols, random access protocols, and taking-turns protocols.""",2,1,,,,,
No Evaluation & Refinement,Chapter 1.1,"Identify and describe the roles of wireless hosts, links, and the base station in facilitating communication between two wireless hosts in a wireless network.","""Wireless hosts facilitate communication between two wireless hosts by transmitting data, wireless links enable the connection between hosts and the base station, and the base station serves as a central point for managing and directing wireless communication.""",3,3,,,,,
No Evaluation & Refinement,Chapter 1.1,A wireless router is placed in a room with several walls and metal furniture. Describe how multipath propagation would affect the signal received by a laptop in the same room.,"""Multipath propagation would cause signal fading, echoes, and interference, resulting in a distorted and weakened signal received by the laptop.""",3,2,,,,,
No Evaluation & Refinement,Chapter 1.1,"What is the chipping rate of a CDMA protocol if each bit is encoded with a chipping rate 1000 times faster than the original data bits, and the original sequence of data bits is transmitted at a rate of 1 bit per second?","""The chipping rate of the CDMA protocol is 1000 bits per second.""",3,3,,,,,
No Evaluation & Refinement,Chapter 1.1,What are the primary differences between a wired link and a wireless link in a network?,"""The primary differences between a wired link and a wireless link in a network are decreasing signal strength, interference from other sources, and multipath propagation.""",3,3,,,,,
No Evaluation & Refinement,Chapter 1.1,Explain how CDMA protocols use channel partitioning to manage multiple signals in wireless networks.,"""CDMA protocols use channel partitioning to manage multiple signals in wireless networks by encoding each bit with a signal that changes at a faster rate than the original data bits, allowing for simultaneous transmission without interference.""",1,2,,,,,
No Evaluation & Refinement,Chapter 1.1,What is the primary reason why the IEEE 802.11 wireless LAN technology has emerged as the winner in wireless LAN standards?,"""The primary reason why the IEEE 802.11 wireless LAN technology has emerged as the winner in wireless LAN standards is its widespread adoption and use in various settings.""",3,3,,,,,
No Evaluation & Refinement,Chapter 1.1,What are the common characteristics shared by all IEEE 802.11 standards?,"""All 802.11 standards share the same medium access protocol, CSMA/CA, and frame structure, and have the ability to reduce their transmission rate and are backwards compatible.""",2,3,,,,,
No Evaluation & Refinement,Chapter 1.1,What is the primary purpose of the carrier sense multiple access (CSMA) mechanism in the 802.11 MAC protocol?,"""The primary purpose of the carrier sense multiple access (CSMA) mechanism in the 802.11 MAC protocol is to coordinate transmissions among multiple wireless devices or the AP, allowing them to sense the channel before transmitting and refrain from transmitting when the channel is busy.""",3,4,,,,,
No Evaluation & Refinement,Chapter 1.1,What are some of the key places or environments where WiFi technology is commonly found?,"""Workplaces, homes, educational institutions, caf¨¦s, airports, and street corners.""",3,1,,,,,
No Evaluation & Refinement,Chapter 1.1,Explain how the 802.11 wireless LAN architecture is structured around the basic service set (BSS).,"""The 802.11 wireless LAN architecture is structured around the basic service set (BSS) which contains one or more wireless stations and a central base station, known as an access point (AP).""",2,3,,,,,
No Evaluation & Refinement,Chapter 1.1,What does it mean for Alice and Bob to communicate "securely" in the context of network security?,"""Alice and Bob communicate securely if only Bob can understand Alice's message, and Bob is certain that the message he receives was sent by Alice, while Alice is certain that the person she is communicating with is indeed Bob.""",4,3,,,,,
No Evaluation & Refinement,Chapter 1.1,What is the primary goal of operational security in the context of secure communication?,"""Operational security aims to protect the confidentiality, integrity, and authenticity of communication, particularly in environments where networks are connected to the public Internet.""",3,4,,,,,
No Evaluation & Refinement,Chapter 1.1,"What actions can Alice take to ensure confidentiality, end-point authentication, and message integrity when exchanging data with Bob?","""Alice can take the following actions to ensure confidentiality, end-point authentication, and message integrity: """,2,3,,,,,
No Evaluation & Refinement,Chapter 1.1,"Who are the Internet equivalents of Alice and Bob, and why do they need to communicate securely?","""Alice and Bob are the Internet equivalents of Alice and Bob, who need to communicate securely to exchange information, such as secure email or electronic commerce transactions.""",4,3,,,,,
No Evaluation & Refinement,Chapter 1.1,Suppose Alice wants to send the message "HELLO" to Bob. Describe how she would encrypt this message using a cryptographic technique.,"""Alice would encrypt the message ""HELLO"" by converting it into a format that can only be deciphered by Bob, using a cryptographic technique such as substitution or transposition.""",2,2,,,,,
No Evaluation & Refinement,Chapter 1.1,What is the fundamental issue with symmetric key encryption that led to the development of public key cryptography?,"""It requires the two parties to share a common secret, which is difficult to agree on securely.""",3,3,,,,,
No Evaluation & Refinement,Chapter 1.1,"What is the purpose of using a public key and a private key in public key cryptography, as opposed to a single secret key?","""The purpose of using a public key and a private key in public key cryptography is to enable secure communication between parties without sharing a single secret key, providing an additional layer of security and authenticity.""",3,3,,,,,
No Evaluation & Refinement,Chapter 1.1,Explain the difference between modulo-n arithmetic and modular arithmetic in the context of RSA.,"""Modulo-n arithmetic and modular arithmetic are used interchangeably in the context of RSA, referring to the operation of finding the remainder of a division by a number n.""",3,4,,,,,
No Evaluation & Refinement,Chapter 1.1,Explain why the choice of e (the public key) must be a number less than n that has no common factors (other than 1) with z.,"""To ensure that the decryption process is reversible, the choice of e must be a number less than n that has no common factors (other than 1) with z.""",3,3,,,,,
No Evaluation & Refinement,Chapter 1.1,What is the primary reason for the security of RSA?,"""The primary reason for the security of RSA is the difficulty in factoring large composite numbers into their prime factors.""",3,3,,,,,
No Evaluation & Refinement,Chapter 1.1,What are the key service requirements and design issues for each class of multimedia applications in the taxonomy?,"""Each class of multimedia applications in the taxonomy has unique service requirements and design issues.""",4,3,,,,,
No Evaluation & Refinement,Chapter 1.1,Estimate the bit rate for a 720x480 pixel image at 60 frames per second with 32 bits per pixel.,"""720x480 pixel image at 60 frames per second with 32 bits per pixel: approximately 4,320,000 bits per second or 4.32 Mbps.""",1,1,,,,,
No Evaluation & Refinement,Chapter 1.1,What are the three broad categories of multimedia applications supported by the Internet?,"""The three broad categories of multimedia applications supported by the Internet are:(i) streaming stored audio/video,(ii) conversational voice/video-over-IP, and(iii) streaming live audio/video.""",3,3,,,,,
No Evaluation & Refinement,Chapter 1.1,Consider a multimedia network application that requires low latency for real-time video conferencing. How would you design the network service requirements to meet this need?,"""The network service requirements for low latency in real-time video conferencing would involve designing the network for minimal delay and jitter, ensuring sufficient bandwidth, and implementing Quality of Service (QoS) policies to prioritize video traffic.""",2,3,,,,,
No Evaluation & Refinement,Chapter 1.1,What are the three main categories of multimedia applications supported by the Internet?,"""The three main categories of multimedia applications supported by the Internet are: (i) streaming stored audio/video, (ii) conversational voice/video-over-IP, and (iii) streaming live audio/video.""",3,3,,,,,
No Evaluation & Refinement,Chapter 1.1,What is the primary role of servers in video streaming applications?,"""The primary role of servers in video streaming applications is to store and provide access to prerecorded videos on demand.""",3,4,,,,,
No Evaluation & Refinement,Chapter 1.1,What are the three main types of video streaming systems?,"""UDP streaming, HTTP streaming, and adaptive HTTP streaming.""",3,1,,,,,
No Evaluation & Refinement,Chapter 1.1,What is the primary purpose of client-side buffering in video streaming?,"""The primary purpose of client-side buffering in video streaming is to mitigate the effects of varying end-to-end delays and available bandwidth between server and client.""",3,4,,,,,
No Evaluation & Refinement,Chapter 1.1,"A client application wants to stream a video file from an HTTP server. If the client's application buffer has 1000 bytes and it grabs 500 bytes at a time for playback, how would you describe the process of video playback in this scenario?","""The client application periodically grabs 500 bytes from the 1000-byte buffer, decompresses the video frames, and displays them on the user's screen.""",3,3,,,,,
No Evaluation & Refinement,Chapter 1.1,Compare and contrast the advantages and disadvantages of using UDP streaming versus adaptive HTTP streaming for a video streaming application with varying network bandwidth.,"""UDP streaming is more suitable for applications with low latency requirements and high-bandwidth networks, while adaptive HTTP streaming is better suited for variable network bandwidth and can provide better quality adaptation, but may introduce higher latency.""",2,1,,,,,
Full Model,Chapter 1.1,"What are the primary types of devices that were traditionally connected to the Internet in the past, and what types of devices and networks are now connected to the Internet?","""Desktop PCs, Linux workstations, and traditional servers were the primary types of devices traditionally connected to the Internet in the past. Now, non-traditional devices such as laptops, smartphones, tablets, and home appliances are being connected to the Internet.""",5,5,,,,,
Full Model,Chapter 1.1,How would you design a network that efficiently utilizes links made of coaxial cable and optical fiber to transmit large files?,"""We would design a network with a hierarchical structure, utilizing high-speed optical fiber links for backbone connections and coaxial cable links for local area networks, ensuring efficient transmission of large files.""",3,2,,,,,
Full Model,Chapter 1.1,"How do packet-switched networks, such as those that transport data packets, resemble transportation networks like highways and roads in their function of moving 'cargo', and can this similarity be illustrated with a specific example, such as comparing data packets to cargo on trucks?","""The packet-switched network is similar to a transportation network in that it breaks down the 'cargo' (data packets) into smaller, manageable pieces (segments) and loads them onto 'trucks' (packets) to be transported to the destination.""",3,5,,,,,
Full Model,Chapter 1.1,"How does a packet's path change when it is routed through multiple Internet Service Providers (ISPs) from an end system to another end system on the Internet, considering the roles of packet switches and communication links within each ISP?","""A packet's path changes when routed through multiple Internet Service Providers (ISPs) as it traverses each ISP's network, passing through packet switches and communication links within each ISP, before reaching the destination end system on the Internet.""",5,4,,,,,
Full Model,Chapter 1.1,"What is the specific role of the Internet Engineering Task Force (IETF) in developing and maintaining Internet standards, as reflected in the requests for comments (RFCs) documents?","""The Internet Engineering Task Force (IETF) develops and maintains Internet standards through the creation and publication of requests for comments (RFCs), which are detailed and technical documents.""",5,5,,,,,
Full Model,Chapter 1.1,"What types of devices or functions are typically found in the edge and core areas of a computer network, and how do these differences contribute to the overall network architecture?","""Typically, devices such as computers, smartphones, and other user devices are found in the edge area of a computer network, while network core areas contain devices such as routers and switches that direct traffic between networks.""",5,4,,,,,
Full Model,Chapter 1.1,"What role does the edge router play in an access network, and how does it facilitate the connection between end systems and the rest of the network architecture?","""The edge router plays a crucial role in an access network by facilitating the connection between end systems and the rest of the network architecture, serving as the first router on the path from the end system to any other distant end system.""",5,5,,,,,
Full Model,Chapter 1.1,What is the primary function of a router in a network?,"""A router's primary function is to forward packets of data between computer networks, directing them along the most efficient path to their destination.""",4,4,,,,,
Full Model,Chapter 1.1,What is the purpose of a subnet mask?,"""The purpose of a subnet mask is to identify the network and host parts of an IP address, used in conjunction with the IP address to determine the network ID and host ID.""",4,5,,,,,
Full Model,Chapter 1.1,"How does a bit travel from one end system to another through a series of links and routers, and what specific events occur at each step in this process?","""A bit travels from one end system to another through a series of links and routers by being transmitted and received at each step, starting from the source end system and passing through each router before reaching the destination end system.""",4,4,,,,,
Full Model,Chapter 1.1,What are the scenarios or locations where a satellite link is used as an access network technology to provide Internet access?,"""In rural settings where DSL, cable, and FTTH are not available.""",4,2,,,,,
Full Model,Chapter 1.1,"What specific year did the World Wide Web become accessible to the general public, marking a significant shift in how people interact with the Internet?","""The World Wide Web became accessible to the general public in 1991.""",4,4,,,,,
Full Model,Chapter 1.1,"What technical features of the Web enable on-demand access to content, unlike traditional broadcast media?","""The Web enables on-demand access to content through its ability to provide users with what they want, when they want it, unlike traditional broadcast media.""",4,3,,,,,
Full Model,Chapter 1.1,How does the client program and server program implement the HTTP request-response cycle to facilitate communication with each other?,"""The client program and server program implement the HTTP request-response cycle by exchanging HTTP messages, with the client program sending HTTP requests and the server program sending HTTP responses.""",4,4,,,,,
Full Model,Chapter 1.1,"What are the exact fields that make up the request line in an HTTP request message, and what is the overall structure of an HTTP response message?","""The request line of an HTTP request message has three fields: the method field, the URL field, and the HTTP version field. The general structure of an HTTP response message follows the format of a request message, but it starts with a status line that includes the HTTP version, a status code, and a reason phrase.""",5,5,,,,,
Full Model,Chapter 1.1,How do HTTP servers use cookies to facilitate user identification and access control despite their stateless nature?,"""HTTP servers use cookies to facilitate user identification and access control by storing user data on the client-side and retrieving it on subsequent requests.""",2,3,,,,,
Full Model,Chapter 1.1,What is the core concept behind the Caesar Cipher?,"""The core concept behind the Caesar Cipher is shifting letters by a fixed key.""",4,4,,,,,
Full Model,Chapter 1.1,How does the Web's "on demand" principle enable users to interact with content in a more personalized and dynamic way compared to traditional broadcast media?,"""The Web's on demand principle allows users to interact with content in a more personalized and dynamic way compared to traditional broadcast media, as they can receive what they want, when they want it.""",4,4,,,,,
Full Model,Chapter 1.1,"What specific aspects of the HTTP protocol, the client's request or the server's response, or both, do the client and server programs interact with in the HTTP protocol?","""The client and server programs interact with both the client's request and the server's response in the HTTP protocol.""",5,5,,,,,
Full Model,Chapter 1.1,What types of objects are typically included in an HTTP response message from the server to the client?,"""HTTP response messages typically include Web pages and other objects.""",5,2,,,,,
Full Model,Chapter 1.1,"How do cookies address the stateless nature of HTTP, enabling the creation of a user session layer?","""Cookies address the stateless nature of HTTP by enabling the creation of a user session layer through identification of users.""",4,4,,,,,
Full Model,Chapter 1.1,What are the key mechanisms used by the transport layer to provide logical communication between application processes running on different hosts?,"""Connection establishment, connection-oriented and connectionless communication, and error detection and correction.""",4,2,,,,,
Full Model,Chapter 1.1,"How does a receiving host's transport layer deliver data from a segment to the correct application process running on the host, specifically using a socket to identify the application process?","""The transport layer delivers data from a segment to the correct application process running on the host by sending it to a socket, which has a unique identifier.""",4,4,,,,,
Full Model,Chapter 1.1,"What service does a transport-layer protocol primarily provide to enable communication between two application processes running on different hosts, such as in a scenario where a user in New York wants to send a file to a colleague in Tokyo?","""A transport-layer protocol primarily provides logical communication between application processes running on different hosts.""",3,2,,,,,
Full Model,Chapter 1.1,"What is the communication process between multiple hosts and devices on a network, using the transport layer protocol, and how does it facilitate data exchange between processes running on different systems, considering a realistic scenario with multiple devices and hosts communicating over a network?","""The transport layer protocol facilitates data exchange between processes running on different systems by providing logical communication between them, allowing multiple hosts and devices to communicate with each other. In a realistic scenario with multiple devices and hosts communicating over a network, the transport layer protocol enables data exchange between processes running on different systems, such as a child on the East Coast sending a message to a child on the West Coast.""",4,4,,,,,
Full Model,Chapter 1.1,"How does the transport layer demultiplex a segment with two different socket numbers at a destination host, and what specific steps are involved in delivering the data to the correct application process?","""Demultiplexing involves using the socket number in the segment header to determine which application process the data should be delivered to, and the steps involved include receiving the segment from the network layer and using the socket number to identify the correct application process.""",5,5,,,,,
Full Model,Chapter 1.1,What reliability service does the TCP protocol provide to an application that uses it?,"""The TCP protocol provides reliable data transfer service to an application that uses it.""",4,4,,,,,
Full Model,Chapter 1.1,How does the transport layer extend the delivery service from host-to-host to process-to-process through multiplexing and demultiplexing?,"""The transport layer extends the delivery service from host-to-host to process-to-process through multiplexing and demultiplexing by delivering data in segments to the appropriate application process running in the host.""",4,5,,,,,
Full Model,Chapter 1.1,"What is the specific role of port numbers in the demultiplexing process, especially in the context of UDP sockets?","""The specific role of port numbers in the demultiplexing process is to identify the destination process within a host, allowing for multiple processes to share the same IP address.""",5,5,,,,,
Full Model,Chapter 1.1,"What is the primary purpose of multiplexing in the transport-layer, and how does it extend the network-layer's delivery service, specifically including the role of demultiplexing in relation to multiplexing?","""The primary purpose of multiplexing in the transport-layer is to extend the network-layer's delivery service to a process-to-process delivery service for applications running on the hosts, enabling multiple applications to share the same connection.""",5,5,,,,,
Full Model,Chapter 1.1,"""A host has two applications (HTTP and FTP) running on two different sockets, and it receives segments from the network layer under a network congestion scenario where packet loss and delays are common. Describe the steps the transport layer would take to demultiplex the segments, handle the congestion, and deliver the data to the appropriate application process, considering the impact of packet loss and delays on the demultiplexing process.""","""The transport layer at the destination host would demultiplex the segments by examining the fields in the segment, specifically the destination socket number, to identify the receiving socket and direct the segment to the appropriate application process. In a network congestion scenario with packet loss and delays, the transport layer would retransmit lost packets and manage the flow of data to handle the congestion, ensuring reliable delivery of data to the application process.""",5,5,,,,,
Full Model,Chapter 1.1,"What is the primary function of the network layer in a network, specifically its role in routing datagrams between hosts?","""The primary function of the network layer is to route datagrams between hosts.""",4,5,,,,,
Full Model,Chapter 1.1,"How do the data-plane and control-plane of a router collaborate in a specific scenario, such as routing between two hosts, to ensure the end-to-end delivery of datagrams?","""The data-plane and control-plane collaborate by the control-plane coordinating the data-plane's forwarding actions to ensure end-to-end delivery of datagrams.""",5,4,,,,,
Full Model,Chapter 1.1,"How does the trade-off between hardware and software implementation of forwarding affect the overall performance of a router, and what specific scenario or example illustrates this trade-off?","""The trade-off between hardware and software implementation of forwarding affects the overall performance of a router by balancing speed and flexibility. Hardware implementation provides faster forwarding, but is less flexible, whereas software implementation provides greater flexibility, but slower forwarding. An example illustrating this trade-off is a high-speed network with frequently changing routing tables, where software-based routing adapts quickly but introduces latency, while hardware-based forwarding maintains speed but struggles to adapt.""",4,3,,,,,
Full Model,Chapter 1.1,What are the key characteristics of connectionless and connection-oriented network service models that determine end-to-end delivery of packets between sending and receiving hosts?,"""Connectionless network service models do not guarantee end-to-end delivery, packet order, or time between transmissions. Connection-oriented network service models guarantee end-to-end delivery, packet order, and time between transmissions.""",5,3,,,,,
Full Model,Chapter 1.1,"How does the forwarding function operate in the context of general network layer operations, as opposed to routing protocols?","""The forwarding function in the network layer operates by transferring packets from a router's incoming links to its outgoing links, based on the packet's destination address.""",4,4,,,,,
Full Model,Chapter 1.1,How do the line-termination function and link-layer processing in an input port work together to implement the physical layer for an incoming link?,"""The line-termination function and link-layer processing in an input port work together to implement the physical layer for an incoming link by performing link-layer functions and a lookup function.""",4,4,,,,,
Full Model,Chapter 1.1,"How does the switching fabric, which connects the router¡¯s input ports to its output ports and is a network inside a network, facilitate communication within a router?","""The switching fabric connects the router¡¯s input ports to its output ports and is a network inside a network, facilitating communication within a router by enabling efficient and direct routing of packets between input and output ports.""",4,4,,,,,
Full Model,Chapter 1.1,"How does output port processing in a router handle packet transmission versus link-layer transmission, and what are the primary functions involved in each case?","""Output port processing handles packet transmission, selecting and de-queuing packets for transmission, and performing link-layer and physical-layer transmission functions.""",3,2,,,,,
Full Model,Chapter 1.1,"What are the primary factors that determine the location and extent of queuing in a router's input and output port queues, particularly in the context of bursty and steady-state traffic loads?","""The primary factors that determine the location and extent of queuing in a router's input and output port queues are traffic load, the relative speed of the switching fabric, and line speed.""",5,5,,,,,
Full Model,Chapter 1.1,"The forwarding function for a router with 8 input ports, each capable of handling 10 Gbps, should be implemented in hardware. Considering a 64-byte IP datagram arriving at each port simultaneously, what is the minimum processing speed required for the forwarding hardware to handle all datagrams before the next set arrives?","""51.2 ns""",4,2,,,,,
Full Model,Chapter 1.1,"What are the principal elements that link the network layer¡¯s data and control planes in the network control plane, specifically referring to the flow table and forwarding table?","""The principal elements that link the network layer¡¯s data and control planes are the forwarding table and the flow table.""",5,5,,,,,
Full Model,Chapter 1.1,"What is the primary pathology that can occur in the LS routing algorithm when link costs are not symmetric, leading to potential oscillations in the routing process?","""A pathology that can arise in the LS algorithm is when link costs are not symmetric.""",4,4,,,,,
Full Model,Chapter 1.1,"How do the forwarding table and flow table, as components of the network control plane, specifically link the data and control planes in a network, with an example of their actions in destination-based and generalized forwarding?","""The forwarding table and flow table link the data and control planes in a network by specifying the local data-plane forwarding behavior of a router, including actions such as forwarding, dropping, replicating, and rewriting packet header fields.""",5,4,,,,,
Full Model,Chapter 1.1,"How do the per-router control and logically centralized control approaches in routing algorithms differ in terms of scalability, efficiency, and ease of implementation?","""The per-router control approach involves running a routing algorithm in each router, with each router computing its own forwarding table through communication with other routers. In contrast, logically centralized control involves a centralized controller computing and distributing forwarding tables to all routers.""",4,3,,,,,
Full Model,Chapter 1.1,How does the Distance-Vector (DV) Routing Algorithm differ from the LS algorithm in terms of its scalability and operation?,"""The DV algorithm differs from the LS algorithm in terms of its scalability and operation, being distributed, iterative, and asynchronous.""",4,4,,,,,
Full Model,Chapter 1.1,How does the Bellman-Ford Equation calculate the minimum cost of the least-cost path from a given node x to all other nodes in the graph?,"""The Bellman-Ford Equation calculates the minimum cost of the least-cost path from a given node x to all other nodes in the graph by using the formula: dx(y) = minv5c(x, v) + dv(y)6.""",5,5,,,,,
Full Model,Chapter 1.1,"What role do the forwarding table and the flow table play in linking the network layer¡¯s data and control planes in the context of Software-Defined Networking (SDN), specifically in terms of the network control plane?","""The forwarding table and the flow table link the network layer¡¯s data and control planes in SDN by specifying the local data-plane forwarding behavior of a router.""",5,5,,,,,
Full Model,Chapter 1.1,What are the key components of the Distance-Vector Routing Algorithm?,"""The key components of the Distance-Vector Routing Algorithm are: it is iterative, asynchronous, and distributed, each node receives information from neighbors, performs calculations, and distributes results back to neighbors, and it is self-terminating.""",4,4,,,,,
Full Model,Chapter 1.1,How does the Bellman-Ford equation facilitate the determination of the shortest path from a source node to all other nodes in a weighted graph?,"""The Bellman-Ford equation facilitates the determination of the shortest path from a source node to all other nodes in a weighted graph by relating the costs of the least-cost paths among nodes through the equation dx(y) = minv5c(x, v) + dv(y)6.""",4,5,,,,,
Full Model,Chapter 1.1,"What are the primary differences in the approaches of the LS and DV routing algorithms, particularly in the context of network topology and information sharing?","""The primary differences between the LS and DV routing algorithms lie in their approach to computing routing, with DV relying on local information from directly connected neighbors and LS requiring global information.""",5,4,,,,,
Full Model,Chapter 1.1,"What specific role does the Link Layer play in facilitating communication between nodes in the OSI Model, and how does it enable the transfer of datagrams over individual links in the end-to-end path?","""The Link Layer facilitates communication between nodes in the OSI Model by enabling the transfer of datagrams over individual links in the end-to-end path.""",5,5,,,,,
Full Model,Chapter 1.1,"How do the various link-layer services, such as framing, link access, reliable delivery, and error detection/correction, contribute to the overall efficiency and reliability of data transmission in a network?","""The various link-layer services, such as framing, link access, reliable delivery, and error detection/correction, contribute to the overall efficiency and reliability of data transmission in a network by providing a reliable and error-free transfer of data across the link.""",5,5,,,,,
Full Model,Chapter 1.1,"How is the link layer implemented in a network adapter, specifically focusing on the interplay between hardware and software components?","""The link layer is implemented in a network adapter's link-layer controller, which is usually a single chip that implements many of the link-layer services in hardware.""",4,4,,,,,
Full Model,Chapter 1.1,How do the two main link layer services related to error handling differ between error detection and correction?,"""Error detection involves identifying that a bit error has occurred, whereas error correction involves not only detecting but also correcting the bit error.""",3,2,,,,,
Full Model,Chapter 1.1,What is the primary service offered by a link-layer protocol to move a datagram from one node to an adjacent node over a single communication link?,"""The primary service offered by a link-layer protocol to move a datagram from one node to an adjacent node over a single communication link is framing.""",3,3,,,,,
Full Model,Chapter 1.1,How does the concept of multiple access in point-to-point versus broadcast links impact the design and operation of link-layer protocols?,"""The concept of multiple access in point-to-point versus broadcast links impacts the design and operation of link-layer protocols by determining the number of nodes that can transmit and receive data on the link, with point-to-point links having a single sender and receiver and broadcast links having multiple nodes connected to a shared channel.""",5,5,,,,,
Full Model,Chapter 1.1,"What specific differences between channel partitioning, random access, and taking-turns protocols can be illustrated through the use of real-world scenarios or examples?","""Channel partitioning protocols divide the channel into separate time slots or frequencies for each user, random access protocols allow users to transmit at any time, and taking-turns protocols have users take turns transmitting in a predetermined order.""",4,3,,,,,
Full Model,Chapter 1.1,"How does the throughput of a decentralized multiple access protocol compare to a centralized one in a network with 10 nodes, each sending data at a rate of R bps?","""A decentralized multiple access protocol has a throughput of R/M bps when M nodes have data to send, each with an average transmission rate of R/M over a suitably defined interval of time.""",4,3,,,,,
Full Model,Chapter 1.1,"In a network with 5 nodes transmitting frames simultaneously, what happens when varying frame lengths are involved and how do different collision detection methods impact the outcome of the collision?","""When varying frame lengths are involved in a network with 5 nodes transmitting frames simultaneously, collisions can occur, causing the frames to become tangled together and making it difficult for receiving nodes to interpret the signals. Different collision detection methods, such as CSMA/CD (Carrier Sense Multiple Access with Collision Detection) and CSMA/CA (Carrier Sense Multiple Access with Collision Avoidance), can impact the outcome of the collision by either detecting the collision and retransmitting the frames or avoiding collisions altogether by sensing the network before transmitting.""",4,5,,,,,
Full Model,Chapter 1.1,"What are the desirable characteristics of a multiple access protocol for a broadcast channel, and how does it operate to achieve these characteristics?","""A multiple access protocol for a broadcast channel should ideally have a throughput of R bps when one node has data to send, and R/M bps when M nodes have data to send. It should be decentralized, simple, and inexpensive to implement.""",4,3,,,,,
Full Model,Chapter 1.1,"What are the primary components of a wireless network infrastructure, specifically focusing on the access, core, and edge segments?","""The primary components of a wireless network infrastructure include wireless hosts, wireless links, base stations, and the network infrastructure.""",4,4,,,,,
Full Model,Chapter 1.1,"What are the primary factors that specifically contribute to signal quality degradation in wireless links, such as interference or multipath propagation?","""Decreasing signal strength, interference from other sources, and multipath propagation.""",4,2,,,,,
Full Model,Chapter 1.1,"How does the subdivision of each bit slot into mini-slots affect the encoding process of CDMA, specifically in terms of how the CDMA code is applied to the original sequence of data bits?","""The subdivision of each bit slot into mini-slots affects the encoding process of CDMA by allowing the CDMA code to be applied to the original sequence of data bits in a more complex and nuanced way, enabling more efficient and reliable transmission.""",5,5,,,,,
Full Model,Chapter 1.1,"How does the base station facilitate communication between wireless hosts and the network infrastructure in different types of wireless networks, such as cellular and Wi-Fi?","""The base station facilitates communication between wireless hosts and the network infrastructure by connecting wireless hosts to the network through wireless communication links.""",4,4,,,,,
Full Model,Chapter 1.1,"How do the multipath propagation effects of signal reflection and diffraction on a wireless link between a moving smartphone and a stationary satellite dish impact the reliability of their connection, particularly in an urban environment with multiple tall buildings?","""Multipath propagation, signal reflection, and diffraction can decrease signal strength, cause interference, and create multipath propagation, all of which can negatively impact the reliability of the wireless connection between the smartphone and satellite dish in an urban environment.""",4,4,,,,,
Full Model,Chapter 1.1,What are the main components of the 802.11 architecture that are crucial to understanding its core concept?,"""The main components of the 802.11 architecture crucial to understanding its core concept are its frame structure, medium access protocol, and internetworking with wired Ethernet LANs.""",5,4,,,,,
Full Model,Chapter 1.1,"What is the common medium access protocol used by all 802.11 standards, such as 802.11ac or 802.11ax?","""CSMA/CA""",3,2,,,,,
Full Model,Chapter 1.1,"What are the key features or benefits of the IEEE 802.11 standard for wireless LANs, as mentioned in the segment?","""The key features or benefits of the IEEE 802.11 standard for wireless LANs include its pervasiveness in various environments and its emergence as the winner among various wireless LAN technologies and standards.""",5,4,,,,,
Full Model,Chapter 1.1,What specific aspects of the medium access protocol used by all 802.11 standards should be described?,"""CSMA/CA, the medium access protocol shared by all 802.11 standards.""",3,3,,,,,
Full Model,Chapter 1.1,"What is the primary purpose of the multiple access protocol in the 802.11 MAC protocol, specifically in managing contention between wireless stations?","""A multiple access protocol in the 802.11 MAC protocol is used to manage contention between wireless stations, allowing them to share the same channel and coordinate transmissions.""",4,4,,,,,
Full Model,Chapter 1.1,"In the context of Alice and Bob's communication, what are the desirable properties of secure communication as identified by them?","""Alice and Bob desire secure communication to ensure confidentiality, authenticity, integrity, and availability of their messages.""",5,3,,,,,
Full Model,Chapter 1.1,"How does the exchange of control messages and data messages between Alice and Bob contribute to achieving confidentiality, end-point authentication, and message integrity in a secure communication scenario?","""Control messages and data messages exchanged between Alice and Bob allow for confidentiality, end-point authentication, and message integrity by enabling secure communication.""",4,3,,,,,
Full Model,Chapter 1.1,How does the key affect the encryption process in a Caesar Cipher?,"""The key in a Caesar Cipher affects the encryption process by shifting the letters by a certain number of positions, determined by the key, which is added to their alphabetical index, wrapping around if needed.""",4,4,,,,,
Full Model,Chapter 1.1,"How does cryptography contribute to network security beyond providing confidentiality, particularly in relation to end-point authentication and message integrity?","""Cryptography provides end-point authentication and message integrity by verifying the sender and ensuring the message has not been tampered with.""",3,4,,,,,
Full Model,Chapter 1.1,"How do the primary aspects of modern cryptography, as practiced on the Internet, contribute to ensuring confidentiality, authentication, and message integrity?","""Cryptography ensures confidentiality, authentication, and message integrity through modern techniques such as encryption, digital signatures, and hash functions, which have been developed over the past 30 years.""",4,3,,,,,
Full Model,Chapter 1.1,"How does Alice's desire for secure communication with Bob over an insecure medium, where an intruder like Trudy may intercept their messages, relate to the need for confidentiality in network security?","""Alice's desire for secure communication with Bob over an insecure medium relates to the need for confidentiality in network security, as she wants only Bob to be able to understand her message, while preventing an intruder like Trudy from intercepting and decoding it.""",3,4,,,,,
Full Model,Chapter 1.1,What types of threats does end-point authentication primarily aim to address in secure communication?,"""End-point authentication primarily aims to address the threat of impersonation, where an attacker may pretend to be the sender or receiver, by confirming the identity of the other party involved in the communication.""",3,5,,,,,
Full Model,Chapter 1.1,"What types of sensitive information, such as encryption keys or user credentials, might an intruder have access to in a network security context?","""An intruder might have access to encryption keys or user credentials in a network security context.""",3,2,,,,,
Full Model,Chapter 1.1,What are the real-world applications and practical implications of using a principle that enables secure communication between two parties without requiring a shared secret key that is known in advance?,"""Public-key encryption, also known as asymmetric encryption, enables secure communication between two parties without requiring a shared secret key that is known in advance.""",4,2,,,,,
Full Model,Chapter 1.1,"How does the relationship between e and d, as well as the role of z, contribute to the security of the RSA encryption process, and how can z be used to find the value of d such that ed - 1 is exactly divisible by z?","""The relationship between e and d, as well as the role of z, contributes to the security of the RSA encryption process by ensuring that the public key (e) and private key (d) are mathematically related, and that d is chosen such that ed - 1 is exactly divisible by z. This relationship is crucial for the decryption process, as it allows Bob to recover the original message. z is used to find the value of d by ensuring that d is the modular multiplicative inverse of e modulo z, which is a necessary condition for the decryption process to work correctly.""",5,5,,,,,
Full Model,Chapter 1.1,"How do different multimedia network applications, classified under a specific taxonomy, exhibit distinct differences in terms of video and audio characteristics and service requirements?","""Multimedia network applications, classified under a specific taxonomy, exhibit distinct differences in terms of video and audio characteristics and service requirements.""",3,3,,,,,
Full Model,Chapter 1.1,"What is the primary characteristic that distinguishes video from digital audio in terms of bandwidth requirements, specifically highlighting the high bit rate requirement of video?","""The primary characteristic that distinguishes video from digital audio in terms of bandwidth requirements is its high bit rate, with video typically requiring significantly more bandwidth than digital audio.""",4,3,,,,,
Full Model,Chapter 1.1,"What are the three main categories of multimedia applications supported by the Internet, and can you provide specific examples for each category to help illustrate the concept?","""Streaming stored audio/video, conversational voice/video-over-IP, and streaming live audio/video.""",5,2,,,,,
Full Model,Chapter 1.1,"How does client-side buffering in video streaming enable users to interact with a video on demand, such as pausing or repositioning to a future or past scene, without significant interruptions?","""Client-side buffering in video streaming enables users to interact with a video on demand by storing a portion of the video on the user's device, allowing for pausing or repositioning without significant interruptions.""",2,4,,,,,
Full Model,Chapter 1.1,"What are the three main categories of video streaming systems, and how do they differ from one another in terms of their characteristics, such as the protocols used and the level of adaptability, with a brief definition for each category and an example of a popular service that utilizes each type?","""The three main categories of video streaming systems are UDP streaming, HTTP streaming, and adaptive HTTP streaming. UDP streaming uses UDP protocol, HTTP streaming uses HTTP protocol, and adaptive HTTP streaming uses HTTP protocol with adaptability.""",5,2,,,,,
Full Model,Chapter 1.1,"What steps would a user take to interact with a prerecorded video on demand, given options to pause, reposition to a future or past scene, or stop watching the video well before it ends?","""A user would take the following steps to interact with a prerecorded video on demand: 1. Send a request to the server to view the video, 2. Choose to pause, reposition to a future or past scene, or stop watching the video at any time, and 3. Interact with the video accordingly.""",3,5,,,,,
Full Model,Chapter 1.1,"What are the three main categories of video streaming systems, and what are the key characteristics and trade-offs between HTTP streaming and adaptive HTTP streaming?","""HTTP streaming, adaptive HTTP streaming, and UDP streaming are the three main categories of video streaming systems.""",4,3,,,,,
Full Model,Chapter 1.1,What is the primary purpose of client-side buffering in video streaming: reducing end-to-end delays or managing available bandwidth?,"""The primary purpose of client-side buffering in video streaming is to manage available bandwidth.""",4,4,,,,,
Full Model,Chapter 1.1,What are the main advantages of using HTTP streaming over traditional streaming protocols in the context of traversing firewalls or NATs?,"""HTTP streaming can traverse firewalls and NATs more easily than traditional streaming protocols, and it eliminates the need for a media control server.""",4,3,,,,,
No Agent,Chapter 1.1,What is the primary vehicle used in this book for discussing computer networks and their protocols?,The public Internet.,2,2,,,,,
No Agent,Chapter 1.1,What is estimated to be the number of devices connected to the Internet by 2020?,25 billion.,3,1,,,,,
No Agent,Chapter 1.1,"What is the analogy used to describe packet-switched networks, where packets are analogous to what, communication links are analogous to what, and packet switches are analogous to what?","Trucks, highways and roads, and intersections, respectively.",2,1,,,,,
No Agent,Chapter 1.1,"What is the primary function of Internet Service Providers (ISPs), including residential ISPs, corporate ISPs, and cellular data ISPs?",To provide access to the Internet for end systems.,2,3,,,,,
No Agent,Chapter 1.1,"What is the name of the body responsible for developing Internet standards, including protocols such as TCP, IP, HTTP, and SMTP?",The Internet Engineering Task Force (IETF).,3,2,,,,,
No Agent,Chapter 1.2,What is referred to as the edge of a network in computer networking jargon?,End systems.,3,1,,,,,
No Agent,Chapter 1.2,What are the two most prevalent types of broadband residential access?,Digital subscriber line (DSL) and cable.,2,1,,,,,
No Agent,Chapter 1.2,What is the primary function of a DSL modem in a residential setting?,The DSL modem takes digital data and translates it to high-frequency tones for transmission over telephone wires to the CO.,2,3,,,,,
No Agent,Chapter 1.2,What is the name of the device that separates the data and phone signals arriving to the home and forwards the data signal to the DSL modem?,A splitter.,4,1,,,,,
No Agent,Chapter 1.2,"What is the technique used to make the single DSL link appear as if there were three separate links, allowing a telephone call and an Internet connection to share the DSL link at the same time?",Frequency-division multiplexing.,3,1,,,,,
No Agent,Chapter 2.1,What is the primary purpose of the World Wide Web?,"The primary purpose of the World Wide Web is to allow users to interact with information on demand, making it available at any time and from any location.",3,3,,,,,
No Agent,Chapter 2.1,What is the main advantage of using the World Wide Web over traditional broadcast radio and television?,"The main advantage of using the World Wide Web is that it operates on demand, allowing users to receive what they want, when they want it, unlike traditional broadcast media which force users to tune in at a specific time.",3,2,,,,,
No Agent,Chapter 2.1,What is the name of the application-layer protocol that is at the heart of the World Wide Web?,The HyperText Transfer Protocol (HTTP) is the application-layer protocol that is at the heart of the World Wide Web.,4,4,,,,,
No Agent,Chapter 2.1,What is the primary difference between non-persistent and persistent connections in HTTP?,"The primary difference between non-persistent and persistent connections in HTTP is that non-persistent connections close after each request, while persistent connections remain open and can be used for multiple requests.",2,2,,,,,
No Agent,Chapter 2.1,What is the purpose of cookies in HTTP?,"The purpose of cookies in HTTP is to allow Web sites to identify users, either to restrict access or to serve content based on user identity, by storing a unique identification number on the user's browser and associating it with a back-end database.",3,3,,,,,
No Agent,Chapter 2.2,What was the primary use of the Internet before the advent of the World Wide Web?,"The Internet was primarily used by researchers, academics, and university students to log in to remote hosts, transfer files, receive and send news, and receive and send electronic mail.",3,2,,,,,
No Agent,Chapter 2.2,What is the main advantage of the World Wide Web over traditional broadcast radio and television?,"The Web operates on demand, allowing users to receive what they want, when they want it.",3,2,,,,,
No Agent,Chapter 2.2,What is the primary function of the HyperText Transfer Protocol (HTTP) in the context of the Web?,HTTP defines how Web clients request Web pages from Web servers and how servers transfer Web pages to clients.,4,1,,,,,
No Agent,Chapter 2.2,What is the purpose of cookies in the context of HTTP and the Web?,"Cookies allow Web sites to identify users, either by restricting user access or by serving content as a function of the user identity.",4,2,,,,,
No Agent,Chapter 2.2,What is the primary difference between non-persistent and persistent connections in HTTP?,"Non-persistent connections close after each request-response pair, while persistent connections remain open for subsequent requests and responses between the same client and server.",2,2,,,,,
No Agent,Chapter 3.1,What is the primary function of the transport layer in a computer network?,The primary function of the transport layer is to provide logical communication between application processes running on different hosts.,3,3,,,,,
No Agent,Chapter 3.1,What is the purpose of the source port number in a UDP segment?,The source port number serves as part of a "return address" when a segment is sent back to the source host.,3,3,,,,,
No Agent,Chapter 3.1,How does a host demultiplex incoming TCP segments?,"A host demultiplexes incoming TCP segments by using all four values: source IP address, source port number, destination IP address, and destination port number.",1,1,,,,,
No Agent,Chapter 3.1,What is the main difference between a TCP socket and a UDP socket in terms of identification?,"A TCP socket is identified by a four-tuple: source IP address, source port number, destination IP address, and destination port number, whereas a UDP socket is identified by a two-tuple: destination IP address and destination port number.",2,1,,,,,
No Agent,Chapter 3.1,What is the purpose of transport-layer multiplexing and demultiplexing?,The purpose of transport-layer multiplexing and demultiplexing is to extend the host-to-host delivery service provided by the network layer to a process-to-process delivery service for applications running on the hosts.,3,4,,,,,
No Agent,Chapter 3.2,What is the purpose of transport-layer multiplexing and demultiplexing?,The purpose of transport-layer multiplexing and demultiplexing is to extend the host-to-host delivery service provided by the network layer to a process-to-process delivery service for applications running on the hosts.,3,3,,,,,
No Agent,Chapter 3.2,What is the role of sockets in transport-layer multiplexing and demultiplexing?,"Sockets have a unique identifier, and each segment has special fields that indicate the socket to which the segment is to be delivered.",3,3,,,,,
No Agent,Chapter 3.2,What is the difference between a UDP socket and a TCP socket in terms of identification?,"A UDP socket is identified by a two-tuple consisting of a destination IP address and a destination port number, while a TCP socket is identified by a four-tuple: (source IP address, source port number, destination IP address, destination port number).",2,2,,,,,
No Agent,Chapter 3.2,How does a TCP server distinguish between segments from different clients?,A TCP server distinguishes between segments from different clients using source IP addresses and source port numbers.,1,1,,,,,
No Agent,Chapter 3.2,What is the purpose of the source port number in a TCP segment?,"The source port number serves as part of a return address, allowing the destination host to send a segment back to the source host using the source port number as the destination port number in the return segment.",3,4,,,,,
No Agent,Chapter 4.1,What is the primary role of the network layer in a network?,The primary role of the network layer is to move packets from a sending host to a receiving host.,3,3,,,,,
No Agent,Chapter 4.1,What are the two important network-layer functions that can be identified for packet forwarding?,"Forwarding and routing. Forwarding refers to the router-local action of transferring a packet from an input link interface to the appropriate output link interface, while routing refers to the network-wide process that determines the end-to-end paths that packets take from source to destination.",2,3,,,,,
No Agent,Chapter 4.1,What is the purpose of a forwarding table in a router?,"A router forwards a packet by examining the value of one or more fields in the arriving packet's header, and then using these header values to index into its forwarding table, which indicates the outgoing link interface at that router to which that packet is to be forwarded.",2,3,,,,,
No Agent,Chapter 4.1,What is the Internet's network layer service model known as?,Best-effort service.,2,1,,,,,
No Agent,Chapter 4.1,What is the main difference between forwarding and routing in a network?,"Forwarding refers to the router-local action of transferring a packet from an input link interface to the appropriate output link interface, typically implemented in hardware and taking place at very short timescales, while routing refers to the network-wide process that determines the end-to-end paths that packets take from source to destination, typically implemented in software and taking place on much longer timescales.",3,3,,,,,
No Agent,Chapter 4.2,What are the four router components that can be identified in a generic router architecture?,"The four router components are input ports, switching fabric, output ports, and routing processor.",2,2,,,,,
No Agent,Chapter 4.2,What is the primary function of the input port in a router?,"The primary function of the input port is to perform several key functions, including terminating an incoming physical link, performing link-layer functions, and performing a lookup function to determine the router output port to which an arriving packet will be forwarded via the switching fabric.",3,4,,,,,
No Agent,Chapter 4.2,What is the purpose of the forwarding table in a router?,The forwarding table is used by the router to look up the output port to which an arriving packet will be forwarded via the switching fabric.,3,4,,,,,
No Agent,Chapter 4.2,What is the difference between switching via memory and switching via a bus in a router?,"Switching via memory involves the routing processor copying the packet from the input port into processor memory, while switching via a bus involves an input port transferring a packet directly to the output port over a shared bus.",2,3,,,,,
No Agent,Chapter 4.2,What is the purpose of packet scheduling in a router?,The purpose of packet scheduling in a router is to determine the order in which queued packets are transmitted over an outgoing link.,3,3,,,,,
No Agent,Chapter 5.1,What is the purpose of the network control plane in the context of the network layer?,The network control plane determines the local data-plane forwarding behavior of a router by specifying the forwarding table.,3,3,,,,,
No Agent,Chapter 5.1,What is the key distinction between per-router control and logically centralized control in the network control plane?,"The key distinction is that in per-router control, each router has a routing component that communicates with other routers to compute its forwarding table, whereas in logically centralized control, a centralized controller computes and distributes the forwarding tables to all routers.",3,3,,,,,
No Agent,Chapter 5.1,What is the main goal of a routing algorithm in determining good paths between senders and receivers through the network of routers?,The main goal of a routing algorithm is to identify the least costly paths between sources and destinations.,3,3,,,,,
No Agent,Chapter 5.1,"What is the computational complexity of Dijkstra's algorithm, which is used in the link-state routing algorithm?","The computational complexity of Dijkstra's algorithm is O(n^2), where n is the number of nodes in the network.",3,4,,,,,
No Agent,Chapter 5.1,What can be done to prevent oscillations in link-state algorithms that use a congestion or delay-based link metric?,"One solution is to ensure that not all routers run the LS algorithm at the same time, or to randomize the time each router sends out a link advertisement to avoid self-synchronization among routers.",1,3,,,,,
No Agent,Chapter 5.2,What is the main difference between the LS algorithm and the DV algorithm?,"The LS algorithm uses global information, whereas the DV algorithm is iterative, asynchronous, and distributed.",3,2,,,,,
No Agent,Chapter 5.2,What is the purpose of the Bellman-Ford equation in the context of the DV algorithm?,The Bellman-Ford equation provides the entries in node x's forwarding table and suggests the form of the neighbor-to-neighbor communication that will take place in the DV algorithm.,3,4,,,,,
No Agent,Chapter 5.2,How does a node update its distance-vector estimate in the DV algorithm?,A node updates its distance-vector estimate when it either sees a cost change in one of its directly attached links or receives a distance-vector update from some neighbor.,3,2,,,,,
No Agent,Chapter 5.2,What is the count-to-infinity problem in the context of the DV algorithm?,The count-to-infinity problem occurs when a node receives incorrect information from its neighbors and continues to route packets through a node that has an incorrect path to the destination.,3,3,,,,,
No Agent,Chapter 5.2,What is the purpose of poisoned reverse in the DV algorithm?,"Poisoned reverse is a technique used to avoid the count-to-infinity problem by having a node advertise an incorrect path to its neighbor, preventing it from routing packets through that node.",3,3,,,,,
No Agent,Chapter 6.1,What is the basic terminology used to refer to any device that runs a link-layer protocol?,A node.,2,1,,,,,
No Agent,Chapter 6.1,What are the services that can be offered by a link-layer protocol?,"Framing, link access, reliable delivery, and error detection and correction.",2,1,,,,,
No Agent,Chapter 6.1,Where is the link layer implemented in a host?,"In a network adapter, also known as a network interface card (NIC), which is typically implemented in a single, special-purpose chip.",3,1,,,,,
No Agent,Chapter 6.1,What is the primary advantage of using forward error correction (FEC) techniques in a network setting?,FEC techniques can decrease the number of sender retransmissions required and allow for immediate correction of errors at the receiver.,2,3,,,,,
No Agent,Chapter 6.1,What is the key idea behind cyclic redundancy check (CRC) codes?,"The key idea behind CRC codes is to choose r additional bits, R, and append them to D such that the resulting d + r bit pattern (interpreted as a binary number) is exactly divisible by G (i.e., has no remainder) using modulo-2 arithmetic.",2,3,,,,,
No Agent,Chapter 6.2,What is the primary problem that multiple access protocols aim to solve in a broadcast channel?,The primary problem is to coordinate the access of multiple sending and receiving nodes to a shared broadcast channel.,2,3,,,,,
No Agent,Chapter 6.2,What are the two main types of network links mentioned in the text?,The two main types of network links are point-to-point links and broadcast links.,2,2,,,,,
No Agent,Chapter 6.2,"What is the name of the protocol that allows a node to transmit continuously at the full rate, R, when that node is the only active node?",Slotted ALOHA.,4,1,,,,,
No Agent,Chapter 6.2,What is the maximum efficiency of the slotted ALOHA protocol when a large number of nodes have many frames to transmit?,1/e = 0.37.,3,1,,,,,
No Agent,Chapter 6.2,What is the name of the algorithm used in Ethernet and other CSMA/CD protocols to solve the problem of choosing a random backoff time after a collision?,Binary Exponential Backoff.,3,1,,,,,
No Agent,Chapter 7.1,What are the three key elements of a wireless network?,"The three key elements of a wireless network are wireless hosts, wireless links, and base stations.",2,2,,,,,
No Agent,Chapter 7.1,What is the main difference between a wired link and a wireless link?,"The main difference between a wired link and a wireless link is that wireless links are prone to impairments such as decreasing signal strength, interference from other sources, and multipath propagation.",2,2,,,,,
No Agent,Chapter 7.1,What is the purpose of the signal-to-noise ratio (SNR) in wireless communication?,"The signal-to-noise ratio (SNR) is a relative measure of the strength of the received signal and background noise, and a larger SNR makes it easier for the receiver to extract the transmitted signal from the background noise.",3,3,,,,,
No Agent,Chapter 7.1,What is the concept of CDMA in wireless communication?,"CDMA is a channel partitioning protocol that encodes each bit being sent by multiplying it by a signal (the code) that changes at a much faster rate than the original sequence of data bits, allowing multiple senders to transmit data simultaneously without interfering with each other.",3,2,,,,,
No Agent,Chapter 7.1,What is the advantage of using adaptive modulation and coding in wireless communication?,"The advantage of using adaptive modulation and coding is that it allows the selection of a modulation technique that provides the highest transmission rate possible subject to a constraint on the bit error rate, for given channel characteristics.",3,3,,,,,
No Agent,Chapter 7.2,What is the primary purpose of the IEEE 802.11 wireless LAN standard?,The primary purpose of the IEEE 802.11 wireless LAN standard is to provide a widely adopted and compatible technology for wireless local area networks (WLANs).,3,3,,,,,
No Agent,Chapter 7.2,What are the two main frequency ranges used by 802.11 devices?,The two main frequency ranges used by 802.11 devices are 2.4 GHz to 2.485 GHz (referred to as the 2.4 GHz range) and 5.1 GHz to 5.8 GHz (referred to as the 5 GHz range).,2,2,,,,,
No Agent,Chapter 7.2,What is the purpose of the RTS (Request to Send) and CTS (Clear to Send) control frames in the 802.11 protocol?,"The RTS and CTS control frames are used to reserve access to the channel and prevent collisions, especially in the presence of hidden terminals.",4,3,,,,,
No Agent,Chapter 7.2,What is the difference between the CSMA/CD (Carrier Sense Multiple Access with Collision Detection) protocol used in Ethernet and the CSMA/CA (Carrier Sense Multiple Access with Collision Avoidance) protocol used in 802.11?,"The main difference between CSMA/CD and CSMA/CA is that CSMA/CD uses collision detection, whereas CSMA/CA uses collision avoidance techniques, such as random backoff and link-layer acknowledgments.",3,1,,,,,
No Agent,Chapter 7.2,What is the purpose of the Distributed Inter-frame Space (DIFS) in the 802.11 CSMA/CA protocol?,"The purpose of the DIFS is to provide a short period of time after a station senses the channel idle, during which it waits before transmitting its frame to ensure that other stations have completed their transmissions.",3,3,,,,,
No Agent,Chapter 8.1,What is the main goal of network security?,"The main goal of network security is to ensure that only the sender and intended receiver can understand the contents of the transmitted message, and that the message is not altered, either maliciously or by accident, in transit.",2,4,,,,,
No Agent,Chapter 8.1,What are the four desirable properties of secure communication?,"The four desirable properties of secure communication are: (1) Confidentiality, (2) Message integrity, (3) End-point authentication, and (4) Operational security.",2,2,,,,,
No Agent,Chapter 8.1,What is the purpose of a key in a cryptographic system?,"The purpose of a key in a cryptographic system is to provide secret information that prevents an intruder from decrypting the transmitted data, even if the encryption technique itself is known.",3,3,,,,,
No Agent,Chapter 8.1,What is the main difference between a symmetric key system and a public key system?,"The main difference between a symmetric key system and a public key system is that in a symmetric key system, Alice's and Bob's keys are identical and are secret, whereas in a public key system, a pair of keys is used, with one key being known to both Bob and Alice, and the other key being known only by either Bob or Alice.",2,3,,,,,
No Agent,Chapter 8.1,What is the purpose of the Initialization Vector (IV) in the Cipher Block Chaining (CBC) technique?,"The purpose of the Initialization Vector (IV) in the CBC technique is to provide a random k-bit string that is used to encrypt the first block of the message, and then the subsequent blocks are encrypted using the previous block's ciphertext and the IV, thereby ensuring that identical plaintext blocks produce different ciphertext blocks.",3,4,,,,,
No Agent,Chapter 8.2,What is the main difficulty with symmetric key encryption systems?,"The main difficulty with symmetric key encryption systems is that the two communicating parties must somehow agree on the shared key, but to do so requires (presumably secure) communication.",2,3,,,,,
No Agent,Chapter 8.2,What is the purpose of the public key in public key cryptography?,"The purpose of the public key in public key cryptography is to allow anyone to send an encrypted message to the recipient, while the private key is kept secret and used for decryption.",3,4,,,,,
No Agent,Chapter 8.2,How does the RSA algorithm work?,"The RSA algorithm works by using two large prime numbers, p and q, to generate the public and private keys. The public key is used for encryption and is a pair of numbers (n, e), while the private key is used for decryption and is a pair of numbers (n, d). The encryption and decryption algorithms use modular arithmetic to ensure that the original message is recovered.",1,4,,,,,
No Agent,Chapter 8.2,What is the purpose of a session key in RSA?,"The purpose of a session key in RSA is to use a symmetric key cipher (e.g., with DES or AES) to encrypt a large amount of data, and the session key is encrypted using the recipient's public key.",3,3,,,,,
No Agent,Chapter 8.2,Why does RSA rely on the difficulty of factoring large numbers?,"RSA relies on the difficulty of factoring large numbers because if one knew the prime factors p and q, they could easily compute the secret key, d, given the public value e. Therefore, the security of RSA is based on the assumption that there are no known algorithms for quickly factoring a number.",1,3,,,,,
No Agent,Chapter 9.1,What is the primary characteristic of video that affects its transmission over the Internet?,The high bit rate of video is its primary characteristic that affects its transmission over the Internet.,3,3,,,,,
No Agent,Chapter 9.1,What is the trade-off between video quality and bit rate in video compression?,"The trade-off is that higher bit rates result in better image quality, but also require more bandwidth and storage.",3,2,,,,,
No Agent,Chapter 9.1,What is the basic encoding technique used for digital audio?,The basic encoding technique used for digital audio is pulse code modulation (PCM).,2,2,,,,,
No Agent,Chapter 9.1,What are the three key distinguishing features of streaming stored video applications?,"The three key distinguishing features are streaming, interactivity, and continuous playout.",2,2,,,,,
No Agent,Chapter 9.1,What is the primary performance measure for streaming video applications?,"The primary performance measure for streaming video applications is average throughput, which must be at least as large as the bit rate of the video itself.",2,3,,,,,
No Agent,Chapter 9.2,What is a common characteristic of all three forms of video streaming?,The extensive use of client-side application buffering to mitigate the effects of varying end-to-end delays and varying amounts of available bandwidth between server and client.,1,3,,,,,
No Agent,Chapter 9.2,What is the main advantage of using HTTP streaming over UDP streaming?,"HTTP streaming allows the video to traverse firewalls and NATs more easily and obviates the need for a media control server, reducing the cost of a large-scale deployment over the Internet.",2,3,,,,,
No Agent,Chapter 9.2,What is prefetching in the context of streaming stored video?,"Prefetching is the process of downloading video at a rate higher than the consumption rate, thereby building up a reserve of video in the client application buffer.",3,4,,,,,
No Agent,Chapter 9.2,What happens to the client application buffer when the user pauses the video during streaming?,"The client application buffer does not remove bits, and if it becomes full, it will cause back pressure all the way back to the server, potentially forcing the server to stop transmitting.",4,3,,,,,
No Agent,Chapter 9.2,"What is the initial buffering delay in HTTP streaming, and how is it determined?","The initial buffering delay is the time required to build up Q bits in the application buffer, and it is determined by tp = Q/x, where x is the server send rate.",2,3,,,,,
